{
  "display": {
    "thirdperson_righthand": {
      "rotation": [75, 45, 0],
      "translation": [0, 0.5, 1],
      "scale": [0.375, 0.375, 0.375]
    },
    "thirdperson_lefthand": {
      "rotation": [75, 45, 0],
      "translation": [0, 0.5, 1],
      "scale": [0.375, 0.375, 0.375]
    },
    "firstperson_righthand": {
      "rotation": [0, 10, 0],
      "translation": [-2, 5.5, 3.75],
      "scale": [0.35, 0.35, 0.35]
    },
    "firstperson_lefthand": {
      "rotation": [0, 10, 0],
      "translation": [-2, 5.25, 3.75],
      "scale": [0.35, 0.35, 0.35]
    },
    "ground": {
      "translation": [0, 3, 0],
      "scale": [0.25, 0.25, 0.25]
    },
    "gui": {
      "rotation": [30, 225, 0],
      "scale": [0.625, 0.625, 0.625]
    },
    "head": {
      "translation": [0, -30.43, 0],
      "scale": [1.6, 1.6, 1.6]
    },
    "fixed": {
      "scale": [0.5, 0.5, 0.5]
    }
  }
}